Category,Code,Name
BSc.Core,APE102,Thermal Physics + Radiation & Statistical Mechanics
BSc.Core,APE103,Electrical Circuits I
BSc.Core,APE201,Solid State Physics & Materials Science
BSc.Core,APE202,Electrodynamics & Electromagnetic Waves & Fields
BSc.Core,APE203,Electrical Circuits II
BSc.Core,APE204,Digital Logic Design
BSc.Core,APE205,Electronic Devices and Circuits I
BSc.Core,APE302,Electronic Devices and Circuits II
BSc.Core,APE401,Measurements & Measuring Instruments
BSc.Core,ECE220,Signals and Systems
BSc.Core,ECE230,Semiconductor Devices and Materials
BSc.Core,ECE310,Introduction to Communication Engineering
BSc.Core,ECE320,Microwave Engineering
BSc.Core,MAT105,Calculus
BSc.Core,MAT203,Matrices + Linear Algebra & Differential Equations
BSc.Core,MAT204,Complex Variables & Fourier Analysis
BSc.Core,PHY115,Electricity and Magnetism
BSc.Core,PHY202,Optics
BSc.Core,STA201,Elements of Statistics and Probability
,,
BSc.Ext,APE402,Plasma Physics with Industrial Applications
BSc.Ext,APE403,Control Engineering
BSc.Ext,APE404,Microprocessors and Assembly Language Programming
BSc.Ext,APE405,Computer Organization and Architecture
BSc.Ext,APE406,Radar Engineering
BSc.Ext,APE407,The Physics of Energy
BSc.Ext,CSE350,Digital Electronics and Pulse Techniques
BSc.Ext,CSE421,Computer Networks
BSc.Ext,CSE428,Image Processing
BSc.Ext,ECE328,Digital Signal Processing
BSc.Ext,ECE330,Telecommunication Switching Systems
BSc.Ext,ECE340,Optoelectronic Devices
BSc.Ext,ECE424,Power Electronics
BSc.Ext,ECE430,Satellite Communications
BSc.Ext,MAT205,Introduction to Numerical Methods
BSc.Ext,PHY204,Classical Mechanics and Special Theory of Relativity
BSc.Ext,PHY303,Quantum Mechanics I
BSc.Ext,PHY304,Quantum Mechanics II
BSc.Ext,PHY305,Quantum Mechanics III
BSc.Ext,PHY310,Advanced Solid State Physics
BSc.Ext,PHY311,X-Rays
BSc.Ext,PHY406,Medical Physics & Instrumentation
BSc.Ext,PHY409,Physics of Radiology
BSc.Ext,PHY410,Laser Physics
,,
Lab,APE104,APE Lab I
Lab,APE206,APE Lab II
Lab,APE301,APE Lab III
Lab,APE303,APE Lab IV
,,
Thesis,APE400,Thesis/Project: 3 credits
Thesis,Internship,1 credit
,,
GenEd (BSc.),APE101,Mechanics + Properties of Matter + Waves & Oscillations
GenEd (BSc.),CSE101,Introduction to Computer Science
GenEd (BSc.),DEV101,Bangladesh Studies
GenEd (BSc.),ENG091,Foundation Course (non-credit)
GenEd (BSc.),ENG101,English Fundamentals
GenEd (BSc.),ENG102,Composition I
GenEd (BSc.),HUM103,Ethics and Culture
GenEd (BSc.),MAT102,Introduction to Mathematics